{
  "version": 1,
  "author": "Tuyền Lê Chí",
  "editor": "wokwi",
  "parts": [
    { "type": "wokwi-esp32-devkit-v1", "id": "esp", "top": 28.27, "left": 12.25, "attrs": {} },
    {
      "type": "wokwi-lcd1602",
      "id": "lcd1",
      "top": -58.25,
      "left": 209.7,
      "attrs": { "pins": "i2c" }
    },
    {
      "type": "wokwi-pir-motion-sensor",
      "id": "pir1",
      "top": 127.09,
      "left": -219.35,
      "attrs": {}
    },
    { "type": "wokwi-dht22", "id": "dht1", "top": -34.93, "left": -116.11, "attrs": {} },
    { "type": "wokwi-relay-module", "id": "relay1", "top": 149.74, "left": 215.19, "attrs": {} }
  ],
  "connections": [
    [ "esp:TX0", "$serialMonitor:RX", "", [] ],
    [ "esp:RX0", "$serialMonitor:TX", "", [] ],
    [ "dht1:VCC", "esp:3V3", "red", [ "v-67.35", "h227.9", "v174.37" ] ],
    [ "dht1:SDA", "esp:D14", "green", [ "v0" ] ],
    [ "dht1:GND", "esp:GND.2", "black", [ "v0" ] ],
    [ "pir1:GND", "esp:GND.2", "black", [ "v0" ] ],
    [ "pir1:VCC", "esp:VIN", "red", [ "v0" ] ],
    [ "pir1:OUT", "esp:D12", "green", [ "v0" ] ],
    [ "lcd1:SCL", "esp:D22", "green", [ "h-42.97", "v58.25" ] ],
    [ "lcd1:SDA", "esp:D21", "green", [ "h-65.69", "v96.7" ] ],
    [ "lcd1:VCC", "esp:VIN", "red", [ "h-231.09", "v203.8" ] ],
    [ "lcd1:GND", "esp:GND.2", "black", [ "h-221.21", "v200.94" ] ],
    [ "relay1:VCC", "esp:VIN", "red", [ "h-60.41", "v72.06", "h-156.54", "v-56.18" ] ],
    [ "relay1:GND", "esp:GND.1", "black", [ "h0" ] ],
    [ "relay1:IN", "esp:D2", "green", [ "h-37.84", "v-29.93" ] ]
  ],
  "dependencies": {}
}